{
  "Diana Wilson": 4.617647058823529,
  "Frank Miller": 4.5,
  "Henry Anderson": 4.617647058823529,
  "Jack Martinez": 4.323529411764706,
  "Maya Patel": 4.470588235294118
}