{
  "AlphaSolutions": {
    "avg_package": 15.93913043478261,
    "num_students": 46
  },
  "BetaTech": {
    "avg_package": 16.933333333333334,
    "num_students": 24
  },
  "BizSoft": {
    "avg_package": 11.16969696969697,
    "num_students": 33
  },
  "DataMinds": {
    "avg_package": 19.897222222222226,
    "num_students": 36
  },
  "DeltaSystems": {
    "avg_package": 16.38809523809524,
    "num_students": 42
  },
  "FinServe": {
    "avg_package": 20.325,
    "num_students": 16
  },
  "GammaEnterprises": {
    "avg_package": 13.242857142857142,
    "num_students": 14
  },
  "HealthPlus": {
    "avg_package": 15.41111111111111,
    "num_students": 9
  },
  "InnovateX": {
    "avg_package": 14.091176470588236,
    "num_students": 34
  },
  "TechCorp": {
    "avg_package": 16.125,
    "num_students": 12
  }
}