{
  "Charlie Brown": 6.235294117647059,
  "Eva Davis": 6.264705882352941,
  "Kelly Rodriguez": 6.470588235294118,
  "Noah Garcia": 6.4411764705882355,
  "Paul Kim": 6.117647058823529,
  "Quinn O'Brien": 6.882352941176471,
  "Rachel Green": 6.882352941176471,
  "Sam Williams": 6.529411764705882,
  "Tara Singh": 6.294117647058823
}